recording_id,window_size,segment_idx,source,patch_type,segment_id,start,end,speaker,matched_source,matched_speaker,overlap_sec,support_ratio,gt_overlap_sec,gt_support_ratio
R8001_M8004,30,0,fast,keep_fast_supported,fast_0,0.0,0.4,speaker_0,slow,0,0.26,0.65,0.4,1.0
R8001_M8004,30,0,fast,keep_fast_supported,fast_1,1.12,2.24,speaker_0,slow,0,1.0925,0.9754,1.12,1.0
R8001_M8004,30,0,fast,boundary_fix_or_relabel,fast_2,14.24,14.96,speaker_0,slow,0,0.72,1.0,0.72,1.0
R8001_M8004,30,0,fast,boundary_fix_or_relabel,fast_3,2.8,10.24,speaker_1,slow,2,7.44,1.0,9.14,1.0
R8001_M8004,30,0,fast,boundary_fix_or_relabel,fast_4,10.48,13.84,speaker_1,slow,2,3.3325,0.9918,3.14,0.9345
R8001_M8004,30,0,fast,boundary_fix_or_relabel,fast_5,15.6,18.8,speaker_2,slow,1,3.2,1.0,3.23,1.0
R8001_M8004,30,0,fast,boundary_fix_or_relabel,fast_6,19.36,19.84,speaker_2,slow,1,0.48,1.0,0.55,1.0
R8001_M8004,30,0,fast,boundary_fix_or_relabel,fast_7,19.92,21.92,speaker_2,slow,1,2.0,1.0,2.06,1.0
R8001_M8004,30,0,fast,boundary_fix_or_relabel,fast_8,22.4,23.28,speaker_2,slow,1,0.88,1.0,1.15,1.0
R8001_M8004,30,0,fast,boundary_fix_or_relabel,fast_9,23.52,29.99,speaker_2,slow,1,6.47,1.0,6.77,1.0
R8001_M8004,30,0,slow,align_slow_segment,slow_0,0.0125,0.2725,0,fast,speaker_0,0.26,1.0,0.26,1.0
R8001_M8004,30,0,slow,align_slow_segment,slow_1,0.9325000000000001,2.2125000000000004,0,fast,speaker_0,1.0925,0.8535,1.28,1.0
R8001_M8004,30,0,slow,align_slow_segment,slow_2,2.7125000000000004,13.8125,2,fast,speaker_1,7.44,0.6703,12.6675,1.0
R8001_M8004,30,0,slow,align_slow_segment,slow_3,2.7725,3.2125000000000004,0,fast,speaker_1,0.4125,0.9375,1.04,1.0
R8001_M8004,30,0,slow,align_slow_segment,slow_4,9.932500000000001,10.3325,0,fast,speaker_1,0.3075,0.7688,0.7375,1.0
R8001_M8004,30,0,slow,align_slow_segment,slow_5,14.1325,15.712500000000002,0,fast,speaker_0,0.72,0.4557,2.1925,1.0
R8001_M8004,30,0,slow,align_slow_segment,slow_6,14.9925,30.3925,1,fast,speaker_2,6.47,0.4201,16.9675,1.0
R8001_M8004,30,0,slow,recover_slow_segment,slow_7,19.2125,19.4325,0,fast,speaker_2,0.0725,0.3295,0.4375,1.0
R8001_M8004,30,0,slow,recover_slow_segment,slow_8,21.8725,22.6725,0,fast,speaker_2,0.2725,0.3406,1.5975,1.0
R8001_M8004,30,0,slow,align_slow_segment,slow_9,26.732499999999998,27.0925,0,fast,speaker_2,0.36,1.0,0.66,1.0
R8001_M8004,30,1,fast,boundary_fix_or_relabel,fast_0,0.0,19.04,speaker_0,slow,1,19.0275,0.9993,20.21,1.0
R8001_M8004,30,1,fast,boundary_fix_or_relabel,fast_1,19.52,20.24,speaker_0,slow,1,0.72,1.0,1.44,1.0
R8001_M8004,30,1,fast,boundary_fix_or_relabel,fast_2,28.56,29.99,speaker_0,slow,2,1.4125,0.9878,2.74,1.0
R8001_M8004,30,1,fast,keep_fast_supported,fast_3,19.04,29.99,speaker_1,slow,2,10.9325,0.9984,13.2,1.0
R8001_M8004,30,1,slow,align_slow_segment,slow_0,0.0125,0.5325,2,fast,speaker_0,0.52,1.0,1.04,1.0
R8001_M8004,30,1,slow,align_slow_segment,slow_1,0.0125,20.7125,1,fast,speaker_0,19.0275,0.9192,22.6875,1.0
R8001_M8004,30,1,slow,align_slow_segment,slow_2,16.8325,17.0525,0,fast,speaker_0,0.22,1.0,0.3875,1.0
R8001_M8004,30,1,slow,align_slow_segment,slow_3,18.9925,29.9725,2,fast,speaker_1,10.9325,0.9957,13.23,1.0
R8001_M8004,30,1,slow,align_slow_segment,slow_4,28.5125,29.9325,1,fast,speaker_1,1.42,1.0,2.7775,1.0
R8003_M8001,30,0,fast,keep_fast_supported,fast_0,0.0,3.04,speaker_0,slow,0,2.98,0.9803,3.52,1.0
R8003_M8001,30,0,fast,keep_fast_supported,fast_1,3.84,6.32,speaker_0,slow,0,2.4325,0.9808,2.44,0.9839
R8003_M8001,30,0,fast,boundary_fix_or_relabel,fast_2,18.8,20.4,speaker_0,slow,0,1.6,1.0,3.41,1.0
R8003_M8001,30,0,fast,boundary_fix_or_relabel,fast_3,20.64,23.52,speaker_0,slow,0,2.88,1.0,2.88,1.0
R8003_M8001,30,0,fast,boundary_fix_or_relabel,fast_4,23.68,29.76,speaker_0,slow,0,5.9725,0.9823,6.18,1.0
R8003_M8001,30,0,fast,boundary_fix_or_relabel,fast_5,0.48,0.96,speaker_1,slow,0,0.48,1.0,0.94,1.0
R8003_M8001,30,0,fast,boundary_fix_or_relabel,fast_6,6.8,9.2,speaker_1,slow,1,2.4,1.0,2.74,1.0
R8003_M8001,30,0,fast,boundary_fix_or_relabel,fast_7,9.76,11.28,speaker_1,slow,1,1.52,1.0,1.52,1.0
R8003_M8001,30,0,fast,boundary_fix_or_relabel,fast_8,11.44,13.28,speaker_1,slow,1,1.84,1.0,1.84,1.0
R8003_M8001,30,0,fast,boundary_fix_or_relabel,fast_9,14.0,15.92,speaker_1,slow,1,1.92,1.0,1.92,1.0
R8003_M8001,30,0,fast,boundary_fix_or_relabel,fast_10,16.08,16.4,speaker_1,slow,1,0.32,1.0,0.32,1.0
R8003_M8001,30,0,fast,boundary_fix_or_relabel,fast_11,16.88,17.92,speaker_1,slow,1,1.04,1.0,1.04,1.0
R8003_M8001,30,0,fast,boundary_fix_or_relabel,fast_12,18.08,18.96,speaker_1,slow,1,0.88,1.0,1.44,1.0
R8003_M8001,30,0,fast,boundary_fix_or_relabel,fast_13,19.52,20.4,speaker_1,slow,0,0.88,1.0,1.98,1.0
R8003_M8001,30,0,fast,boundary_fix_or_relabel,fast_14,20.96,21.44,speaker_1,slow,0,0.48,1.0,0.48,1.0
R8003_M8001,30,0,fast,boundary_fix_or_relabel,fast_15,29.68,29.99,speaker_1,slow,1,0.31,1.0,0.31,1.0
R8003_M8001,30,0,slow,align_slow_segment,slow_0,0.0125,2.9924999999999997,0,fast,speaker_0,2.98,1.0,3.46,1.0
R8003_M8001,30,0,slow,align_slow_segment,slow_1,0.4325,0.7925,1,fast,speaker_0,0.36,1.0,0.6925,1.0
R8003_M8001,30,0,slow,align_slow_segment,slow_2,3.7325,6.2725,0,fast,speaker_0,2.4325,0.9577,2.54,1.0
R8003_M8001,30,0,slow,align_slow_segment,slow_3,6.7325,13.4725,1,fast,speaker_1,2.4,0.3561,7.0625,1.0
R8003_M8001,30,0,slow,align_slow_segment,slow_4,7.8325000000000005,8.2725,0,fast,speaker_1,0.44,1.0,0.78,1.0
R8003_M8001,30,0,slow,recover_slow_segment,slow_5,13.892500000000002,20.2925,1,fast,speaker_1,1.92,0.3,8.62,1.0
R8003_M8001,30,0,slow,align_slow_segment,slow_6,18.0525,18.5325,0,fast,speaker_1,0.4525,0.9427,0.89,1.0
R8003_M8001,30,0,slow,align_slow_segment,slow_7,18.7725,29.6525,0,fast,speaker_0,5.9725,0.5489,12.79,1.0
R8003_M8001,30,0,slow,align_slow_segment,slow_8,19.7725,20.2525,2,fast,speaker_0,0.48,1.0,1.3,1.0
R8003_M8001,30,0,slow,align_slow_segment,slow_9,20.7525,21.2525,1,fast,speaker_0,0.5,1.0,0.5,1.0
R8003_M8001,30,0,slow,align_slow_segment,slow_10,29.5325,30.3925,1,fast,speaker_1,0.31,0.3605,0.555,0.6453
R8003_M8001,30,1,fast,boundary_fix_or_relabel,fast_0,0.0,0.48,speaker_0,slow,0,0.4675,0.974,0.88,1.0
R8003_M8001,30,1,fast,boundary_fix_or_relabel,fast_1,1.92,3.44,speaker_0,slow,0,1.52,1.0,3.04,1.0
R8003_M8001,30,1,fast,boundary_fix_or_relabel,fast_2,15.04,15.28,speaker_0,slow,1,0.24,1.0,0.48,1.0
R8003_M8001,30,1,fast,boundary_fix_or_relabel,fast_3,16.08,16.72,speaker_0,slow,1,0.64,1.0,0.71,1.0
R8003_M8001,30,1,fast,boundary_fix_or_relabel,fast_4,18.16,21.2,speaker_0,slow,2,2.9925,0.9844,3.17,1.0
R8003_M8001,30,1,fast,boundary_fix_or_relabel,fast_5,0.08,4.32,speaker_1,slow,0,4.24,1.0,7.1,1.0
R8003_M8001,30,1,fast,boundary_fix_or_relabel,fast_6,4.88,6.32,speaker_1,slow,1,1.44,1.0,2.7,1.0
R8003_M8001,30,1,fast,boundary_fix_or_relabel,fast_7,8.4,8.48,speaker_1,slow,1,0.08,1.0,0.16,1.0
R8003_M8001,30,1,fast,boundary_fix_or_relabel,fast_8,4.64,6.08,speaker_2,slow,0,1.44,1.0,3.07,1.0
R8003_M8001,30,1,fast,boundary_fix_or_relabel,fast_9,6.32,14.88,speaker_2,slow,1,8.56,1.0,9.23,1.0
R8003_M8001,30,1,fast,boundary_fix_or_relabel,fast_10,15.2,16.0,speaker_2,slow,1,0.8,1.0,1.49,1.0
R8003_M8001,30,1,fast,boundary_fix_or_relabel,fast_11,16.64,18.24,speaker_2,slow,2,1.6,1.0,3.12,1.0
R8003_M8001,30,1,fast,keep_fast_supported,fast_12,21.44,29.52,speaker_2,slow,1,7.9325,0.9817,8.53,1.0
R8003_M8001,30,1,slow,align_slow_segment,slow_0,0.0125,0.35250000000000004,1,fast,speaker_0,0.34,1.0,0.68,1.0
R8003_M8001,30,1,slow,align_slow_segment,slow_1,0.0125,6.1725,0,fast,speaker_1,4.24,0.6883,11.0975,1.0
R8003_M8001,30,1,slow,align_slow_segment,slow_2,1.7525,3.2125000000000004,1,fast,speaker_1,1.46,1.0,2.8925,1.0
R8003_M8001,30,1,slow,align_slow_segment,slow_3,3.2125000000000004,5.0125,2,fast,speaker_1,1.1075,0.6153,3.79,1.0
R8003_M8001,30,1,slow,align_slow_segment,slow_4,4.612500000000001,17.9325,1,fast,speaker_2,8.56,0.6426,17.94,1.0
R8003_M8001,30,1,slow,align_slow_segment,slow_5,5.072500000000001,5.0925,2,fast,speaker_1,0.02,1.0,0.04,1.0
R8003_M8001,30,1,slow,align_slow_segment,slow_6,8.232500000000002,8.592500000000001,0,fast,speaker_2,0.36,1.0,0.65,1.0
R8003_M8001,30,1,slow,align_slow_segment,slow_7,11.6325,11.9725,0,fast,speaker_2,0.34,1.0,0.68,1.0
R8003_M8001,30,1,slow,align_slow_segment,slow_8,14.932500000000001,21.1525,2,fast,speaker_0,2.9925,0.4811,8.7875,1.0
R8003_M8001,30,1,slow,align_slow_segment,slow_9,17.9925,18.3325,0,fast,speaker_2,0.2475,0.7279,0.6625,1.0
R8003_M8001,30,1,slow,align_slow_segment,slow_10,21.4125,29.3725,1,fast,speaker_2,7.9325,0.9965,8.41,1.0
R8003_M8001,30,1,slow,align_slow_segment,slow_11,22.1125,22.4725,0,fast,speaker_2,0.36,1.0,0.6725,1.0
R8007_M8010,30,0,fast,boundary_fix_or_relabel,fast_0,0.0,2.72,speaker_0,slow,2,2.7075,0.9954,6.1,1.0
R8007_M8010,30,0,fast,boundary_fix_or_relabel,fast_1,3.44,13.76,speaker_0,slow,2,10.32,1.0,16.18,1.0
R8007_M8010,30,0,fast,boundary_fix_or_relabel,fast_2,19.92,21.04,speaker_0,slow,2,1.12,1.0,2.65,1.0
R8007_M8010,30,0,fast,boundary_fix_or_relabel,fast_3,21.6,21.76,speaker_0,slow,2,0.16,1.0,0.64,1.0
R8007_M8010,30,0,fast,boundary_fix_or_relabel,fast_4,21.92,29.04,speaker_0,slow,2,7.12,1.0,14.68,1.0
R8007_M8010,30,0,fast,boundary_fix_or_relabel,fast_5,8.24,9.2,speaker_1,slow,2,0.96,1.0,3.19,1.0
R8007_M8010,30,0,fast,keep_fast_supported,fast_6,13.68,18.24,speaker_1,slow,1,4.4925,0.9852,5.61,1.0
R8007_M8010,30,0,fast,boundary_fix_or_relabel,fast_7,19.28,19.76,speaker_1,slow,1,0.48,1.0,0.38,0.7917
R8007_M8010,30,0,fast,boundary_fix_or_relabel,fast_8,21.6,22.48,speaker_1,slow,2,0.88,1.0,3.52,1.0
R8007_M8010,30,0,fast,boundary_fix_or_relabel,fast_9,3.04,3.76,speaker_2,slow,2,0.72,1.0,2.14,1.0
R8007_M8010,30,0,fast,keep_fast_supported,fast_10,18.48,18.96,speaker_3,slow,0,0.48,1.0,0.48,1.0
R8007_M8010,30,0,fast,boundary_fix_or_relabel,fast_11,28.88,29.99,speaker_3,slow,0,1.11,1.0,1.75,1.0
R8007_M8010,30,0,slow,align_slow_segment,slow_0,0.0125,1.0725,1,fast,speaker_0,1.06,1.0,1.7875,1.0
R8007_M8010,30,0,slow,align_slow_segment,slow_1,0.0125,14.692499999999999,2,fast,speaker_0,10.32,0.703,26.6,1.0
R8007_M8010,30,0,slow,align_slow_segment,slow_2,1.0725,4.3325000000000005,0,fast,speaker_0,1.6475,0.5054,8.785,1.0
R8007_M8010,30,0,slow,align_slow_segment,slow_3,1.5325,3.7525000000000004,1,fast,speaker_0,1.1875,0.5349,6.62,1.0
R8007_M8010,30,0,slow,align_slow_segment,slow_4,2.8724999999999996,3.3325000000000005,3,fast,speaker_2,0.2925,0.6359,1.7,1.0
R8007_M8010,30,0,slow,align_slow_segment,slow_5,6.8525,7.1925,1,fast,speaker_0,0.34,1.0,0.8425,1.0
R8007_M8010,30,0,slow,align_slow_segment,slow_6,8.052500000000002,9.252500000000001,1,fast,speaker_0,1.2,1.0,3.6625,1.0
R8007_M8010,30,0,slow,align_slow_segment,slow_7,8.4925,8.9725,0,fast,speaker_0,0.48,1.0,1.8325,1.0
R8007_M8010,30,0,slow,align_slow_segment,slow_8,10.252500000000001,10.552500000000002,1,fast,speaker_0,0.3,1.0,0.5525,1.0
R8007_M8010,30,0,slow,align_slow_segment,slow_9,13.572500000000002,18.1725,1,fast,speaker_1,4.4925,0.9766,5.72,1.0
R8007_M8010,30,0,slow,align_slow_segment,slow_10,18.3125,19.0325,0,fast,speaker_3,0.48,0.6667,0.69,0.9583
R8007_M8010,30,0,slow,align_slow_segment,slow_11,19.232499999999998,20.4325,1,fast,speaker_0,0.5125,0.4271,1.325,1.0
R8007_M8010,30,0,slow,align_slow_segment,slow_12,19.8725,29.3925,2,fast,speaker_0,7.12,0.7479,21.045,1.0
R8007_M8010,30,0,slow,align_slow_segment,slow_13,20.4325,25.1725,0,fast,speaker_0,3.2525,0.6862,13.7625,1.0
R8007_M8010,30,0,slow,align_slow_segment,slow_14,20.8725,23.4925,1,fast,speaker_0,1.5725,0.6002,8.96,1.0
R8007_M8010,30,0,slow,align_slow_segment,slow_15,21.6125,21.6325,3,fast,speaker_0,0.02,1.0,0.08,1.0
R8007_M8010,30,0,slow,align_slow_segment,slow_16,23.5525,23.6725,1,fast,speaker_0,0.12,1.0,0.36,1.0
R8007_M8010,30,0,slow,align_slow_segment,slow_17,24.1925,25.3925,1,fast,speaker_0,1.2,1.0,2.6325,1.0
R8007_M8010,30,0,slow,align_slow_segment,slow_18,25.3925,25.4525,0,fast,speaker_0,0.06,1.0,0.18,1.0
R8007_M8010,30,0,slow,align_slow_segment,slow_19,28.2725,30.0925,0,fast,speaker_3,1.11,0.6099,3.275,1.0
R8007_M8010,30,0,slow,align_slow_segment,slow_20,28.6325,28.8725,1,fast,speaker_0,0.24,1.0,0.72,1.0
R8007_M8010,30,1,fast,boundary_fix_or_relabel,fast_0,0.0,4.96,speaker_0,slow,1,4.9475,0.9975,7.92,1.0
R8007_M8010,30,1,fast,boundary_fix_or_relabel,fast_1,6.48,7.28,speaker_0,slow,1,0.8,1.0,2.36,1.0
R8007_M8010,30,1,fast,boundary_fix_or_relabel,fast_2,7.6,10.32,speaker_0,slow,1,2.72,1.0,7.69,1.0
R8007_M8010,30,1,fast,boundary_fix_or_relabel,fast_3,11.12,12.4,speaker_0,slow,1,1.28,1.0,2.91,1.0
R8007_M8010,30,1,fast,boundary_fix_or_relabel,fast_4,15.84,19.76,speaker_0,slow,1,3.92,1.0,10.09,1.0
R8007_M8010,30,1,fast,boundary_fix_or_relabel,fast_5,21.36,29.99,speaker_0,slow,1,8.63,1.0,11.68,1.0
R8007_M8010,30,1,fast,boundary_fix_or_relabel,fast_6,7.76,7.92,speaker_1,slow,1,0.16,1.0,0.48,1.0
R8007_M8010,30,1,fast,boundary_fix_or_relabel,fast_7,14.72,14.96,speaker_1,slow,0,0.24,1.0,0.48,1.0
R8007_M8010,30,1,slow,align_slow_segment,slow_0,0.0125,0.7324999999999999,0,fast,speaker_0,0.72,1.0,1.44,1.0
R8007_M8010,30,1,slow,align_slow_segment,slow_1,0.0125,13.392500000000002,1,fast,speaker_0,4.9475,0.3698,28.7875,1.0
R8007_M8010,30,1,slow,recover_slow_segment,slow_2,3.9725,16.4725,0,fast,speaker_0,2.72,0.2176,29.58,1.0
R8007_M8010,30,1,slow,align_slow_segment,slow_3,6.612500000000001,11.212500000000002,2,fast,speaker_0,2.72,0.5913,12.89,1.0
R8007_M8010,30,1,slow,align_slow_segment,slow_4,6.952500000000001,8.2925,3,fast,speaker_0,0.6925,0.5168,4.33,1.0
R8007_M8010,30,1,slow,align_slow_segment,slow_5,8.4725,8.912500000000001,3,fast,speaker_0,0.44,1.0,1.32,1.0
R8007_M8010,30,1,slow,align_slow_segment,slow_6,13.692499999999999,30.3925,1,fast,speaker_0,8.63,0.5168,30.2975,1.0
R8007_M8010,30,1,slow,recover_slow_segment,slow_7,15.1125,15.4725,2,,,0.0,0.0,0.86,1.0
R8007_M8010,30,1,slow,align_slow_segment,slow_8,17.3925,21.9125,0,fast,speaker_0,2.3675,0.5238,13.7625,1.0
R8007_M8010,30,1,slow,align_slow_segment,slow_9,17.9525,20.9925,2,fast,speaker_0,1.8075,0.5946,10.16,1.0
R8007_M8010,30,1,slow,recover_slow_segment,slow_10,19.8125,20.1125,3,,,0.0,0.0,1.0775,1.0
R8007_M8010,30,1,slow,align_slow_segment,slow_11,21.3725,21.3925,2,fast,speaker_0,0.02,1.0,0.04,1.0
R8007_M8010,30,1,slow,align_slow_segment,slow_12,24.3725,24.8525,0,fast,speaker_0,0.48,1.0,0.83,1.0
R8007_M8010,30,1,slow,align_slow_segment,slow_13,28.1325,29.4725,0,fast,speaker_0,1.34,1.0,3.0,1.0
R8007_M8010,30,1,slow,align_slow_segment,slow_14,28.7925,29.1125,2,fast,speaker_0,0.32,1.0,0.96,1.0
R8007_M8011,30,0,fast,keep_fast_supported,fast_0,0.0,13.52,speaker_0,slow,1,13.5075,0.9991,13.87,1.0
R8007_M8011,30,0,fast,boundary_fix_or_relabel,fast_1,14.48,18.08,speaker_0,slow,1,3.5475,0.9854,3.41,0.9472
R8007_M8011,30,0,fast,boundary_fix_or_relabel,fast_2,13.92,14.0,speaker_1,slow,2,0.08,1.0,0.16,1.0
R8007_M8011,30,0,fast,boundary_fix_or_relabel,fast_3,14.08,14.16,speaker_1,slow,2,0.08,1.0,0.16,1.0
R8007_M8011,30,0,fast,boundary_fix_or_relabel,fast_4,18.24,22.32,speaker_1,slow,2,4.08,1.0,5.84,1.0
R8007_M8011,30,0,fast,boundary_fix_or_relabel,fast_5,24.96,29.99,speaker_1,slow,2,5.03,1.0,5.89,1.0
R8007_M8011,30,0,fast,boundary_fix_or_relabel,fast_6,23.92,24.8,speaker_2,slow,2,0.88,1.0,1.76,1.0
R8007_M8011,30,0,slow,align_slow_segment,slow_0,0.0125,13.892500000000002,1,fast,speaker_0,13.5075,0.9732,14.7325,1.0
R8007_M8011,30,0,slow,align_slow_segment,slow_1,6.8325000000000005,7.7525,2,fast,speaker_0,0.92,1.0,1.315,1.0
R8007_M8011,30,0,slow,recover_slow_segment,slow_2,13.392500000000002,14.712500000000002,2,fast,speaker_0,0.2325,0.1761,2.5475,1.0
R8007_M8011,30,0,slow,recover_slow_segment,slow_3,13.7725,14.532499999999999,0,fast,speaker_1,0.08,0.1053,1.515,1.0
R8007_M8011,30,0,slow,align_slow_segment,slow_4,14.532499999999999,19.2525,1,fast,speaker_0,3.5475,0.7516,5.6,1.0
R8007_M8011,30,0,slow,align_slow_segment,slow_5,18.1925,30.3925,2,fast,speaker_1,5.03,0.4123,17.235,1.0
R8007_M8011,30,0,slow,recover_slow_segment,slow_6,21.732499999999998,25.6925,0,fast,speaker_2,0.88,0.2222,8.2975,1.0
R8007_M8011,30,1,fast,keep_fast_supported,fast_0,0.0,4.48,speaker_0,slow,0,4.32,0.9643,5.64,1.0
R8007_M8011,30,1,fast,boundary_fix_or_relabel,fast_1,17.68,18.56,speaker_0,slow,0,0.5925,0.6733,0.51,0.5795
R8007_M8011,30,1,fast,boundary_fix_or_relabel,fast_2,25.6,26.16,speaker_0,slow,1,0.56,1.0,0.97,1.0
R8007_M8011,30,1,fast,boundary_fix_or_relabel,fast_3,3.2,3.76,speaker_1,slow,0,0.56,1.0,0.94,1.0
R8007_M8011,30,1,fast,keep_fast_supported,fast_4,18.64,20.0,speaker_1,slow,0,1.36,1.0,1.45,1.0
R8007_M8011,30,1,fast,keep_fast_supported,fast_5,4.8,17.76,speaker_2,slow,1,12.72,0.9815,14.78,1.0
R8007_M8011,30,1,fast,keep_fast_supported,fast_6,20.0,29.99,speaker_2,slow,1,9.8975,0.9907,10.6,1.0
R8007_M8011,30,1,slow,align_slow_segment,slow_0,0.0125,4.3325000000000005,0,fast,speaker_0,4.32,1.0,5.6275,1.0
R8007_M8011,30,1,slow,align_slow_segment,slow_1,2.7525000000000004,3.6725000000000003,1,fast,speaker_0,0.92,1.0,1.7475,1.0
R8007_M8011,30,1,slow,align_slow_segment,slow_2,4.8125,17.5325,1,fast,speaker_2,12.72,1.0,14.55,1.0
R8007_M8011,30,1,slow,align_slow_segment,slow_3,12.032499999999999,12.392500000000002,0,fast,speaker_2,0.36,1.0,0.7025,1.0
R8007_M8011,30,1,slow,align_slow_segment,slow_4,15.372499999999999,16.3325,0,fast,speaker_2,0.96,1.0,1.8875,1.0
R8007_M8011,30,1,slow,align_slow_segment,slow_5,17.072499999999998,18.2725,0,fast,speaker_2,0.6875,0.5729,1.5375,1.0
R8007_M8011,30,1,slow,align_slow_segment,slow_6,18.572499999999998,18.8125,1,fast,speaker_1,0.1725,0.7187,0.31,1.0
R8007_M8011,30,1,slow,align_slow_segment,slow_7,18.6325,20.1525,0,fast,speaker_1,1.36,0.8947,1.6625,1.0
R8007_M8011,30,1,slow,align_slow_segment,slow_8,19.8725,19.8925,1,fast,speaker_1,0.02,1.0,0.0375,1.0
R8007_M8011,30,1,slow,align_slow_segment,slow_9,20.0925,30.3925,1,fast,speaker_2,9.8975,0.9609,10.5175,1.0
R8007_M8011,30,1,slow,align_slow_segment,slow_10,25.4925,26.1325,0,fast,speaker_2,0.64,1.0,1.1575,1.0
R8007_M8011,30,1,slow,align_slow_segment,slow_11,28.6725,28.7925,0,fast,speaker_2,0.12,1.0,0.12,1.0
R8008_M8013,30,0,fast,boundary_fix_or_relabel,fast_0,0.72,1.44,speaker_0,slow,0,0.72,1.0,1.21,1.0
R8008_M8013,30,0,fast,boundary_fix_or_relabel,fast_1,1.84,2.32,speaker_0,slow,0,0.48,1.0,0.95,1.0
R8008_M8013,30,0,fast,keep_fast_supported,fast_2,4.08,6.4,speaker_0,slow,0,2.2925,0.9881,3.97,1.0
R8008_M8013,30,0,fast,keep_fast_supported,fast_3,6.72,7.12,speaker_0,slow,0,0.4,1.0,0.4,1.0
R8008_M8013,30,0,fast,boundary_fix_or_relabel,fast_4,2.0,2.16,speaker_1,slow,0,0.16,1.0,0.32,1.0
R8008_M8013,30,0,fast,boundary_fix_or_relabel,fast_5,4.08,5.12,speaker_1,slow,1,1.04,1.0,2.31,1.0
R8008_M8013,30,0,fast,boundary_fix_or_relabel,fast_6,7.6,8.0,speaker_1,slow,1,0.4,1.0,0.4,1.0
R8008_M8013,30,0,fast,boundary_fix_or_relabel,fast_7,8.32,14.72,speaker_1,slow,1,6.2525,0.977,6.19,0.9672
R8008_M8013,30,0,fast,boundary_fix_or_relabel,fast_8,16.64,25.6,speaker_1,slow,1,8.96,1.0,8.44,0.942
R8008_M8013,30,0,fast,boundary_fix_or_relabel,fast_9,26.16,29.99,speaker_1,slow,1,3.83,1.0,4.35,1.0
R8008_M8013,30,0,slow,recover_slow_segment,slow_0,0.0125,2.4325,0,fast,speaker_0,0.72,0.2975,3.5575,1.0
R8008_M8013,30,0,slow,align_slow_segment,slow_1,0.5925,1.3525,1,fast,speaker_0,0.6325,0.8322,1.3775,1.0
R8008_M8013,30,0,slow,align_slow_segment,slow_2,1.7125,2.2925000000000004,1,fast,speaker_0,0.4525,0.7802,1.0425,1.0
R8008_M8013,30,0,slow,align_slow_segment,slow_3,3.8724999999999996,5.5525,1,fast,speaker_0,1.4725,0.8765,3.5125,1.0
R8008_M8013,30,0,slow,align_slow_segment,slow_4,3.8724999999999996,6.3725000000000005,0,fast,speaker_0,2.2925,0.917,4.3075,1.0
R8008_M8013,30,0,slow,align_slow_segment,slow_5,4.0925,4.992500000000001,2,fast,speaker_0,0.9,1.0,2.03,1.0
R8008_M8013,30,0,slow,align_slow_segment,slow_6,6.5925,7.2125,0,fast,speaker_0,0.4,0.6452,0.5625,0.9073
R8008_M8013,30,0,slow,align_slow_segment,slow_7,7.3725000000000005,14.572500000000002,1,fast,speaker_1,6.2525,0.8684,7.09,0.9847
R8008_M8013,30,0,slow,align_slow_segment,slow_8,16.4925,30.0525,1,fast,speaker_1,8.96,0.6608,12.83,0.9462
R8008_M8013,30,1,fast,keep_fast_supported,fast_0,0.0,1.92,speaker_0,slow,1,1.66,0.8646,1.66,0.8646
R8008_M8013,30,1,fast,keep_fast_supported,fast_1,3.36,7.6,speaker_0,slow,1,4.2275,0.9971,4.17,0.9835
R8008_M8013,30,1,fast,boundary_fix_or_relabel,fast_2,8.16,27.12,speaker_0,slow,1,9.08,0.4789,18.52,0.9768
R8008_M8013,30,1,fast,keep_fast_supported,fast_3,27.6,29.99,speaker_0,slow,1,2.2975,0.9613,2.39,1.0
R8008_M8013,30,1,slow,align_slow_segment,slow_0,0.0125,1.6725,1,fast,speaker_0,1.66,1.0,1.6475,0.9925
R8008_M8013,30,1,slow,align_slow_segment,slow_1,3.3724999999999996,7.6325,1,fast,speaker_0,4.2275,0.9924,4.2025,0.9865
R8008_M8013,30,1,slow,align_slow_segment,slow_2,8.1525,16.5525,1,fast,speaker_0,8.3925,0.9991,8.3275,0.9914
R8008_M8013,30,1,slow,align_slow_segment,slow_3,16.8725,17.3925,0,fast,speaker_0,0.52,1.0,0.8175,1.0
R8008_M8013,30,1,slow,align_slow_segment,slow_4,17.8325,26.9125,1,fast,speaker_0,9.08,1.0,9.0025,0.9915
R8008_M8013,30,1,slow,align_slow_segment,slow_5,27.6925,30.3925,1,fast,speaker_0,2.2975,0.8509,2.3075,0.8546
R8008_M8013,30,2,fast,boundary_fix_or_relabel,fast_0,0.0,3.52,speaker_0,slow,3,3.5075,0.9964,3.82,1.0
R8008_M8013,30,2,fast,boundary_fix_or_relabel,fast_1,3.92,6.64,speaker_0,slow,3,2.72,1.0,5.22,1.0
R8008_M8013,30,2,fast,boundary_fix_or_relabel,fast_2,7.28,8.96,speaker_0,slow,2,1.68,1.0,2.53,1.0
R8008_M8013,30,2,fast,boundary_fix_or_relabel,fast_3,11.52,22.96,speaker_0,slow,3,11.3125,0.9889,15.27,1.0
R8008_M8013,30,2,fast,keep_fast_supported,fast_4,24.24,24.72,speaker_0,slow,3,0.48,1.0,0.63,1.0
R8008_M8013,30,2,fast,boundary_fix_or_relabel,fast_5,28.4,29.99,speaker_0,slow,3,1.59,1.0,2.31,1.0
R8008_M8013,30,2,fast,boundary_fix_or_relabel,fast_6,9.6,11.36,speaker_1,slow,2,1.76,1.0,3.45,1.0
R8008_M8013,30,2,fast,boundary_fix_or_relabel,fast_7,24.8,28.24,speaker_1,slow,1,3.44,1.0,3.99,1.0
R8008_M8013,30,2,slow,align_slow_segment,slow_0,0.0125,0.29250000000000004,2,fast,speaker_0,0.28,1.0,0.56,1.0
R8008_M8013,30,2,slow,align_slow_segment,slow_1,0.0125,7.6925,3,fast,speaker_0,3.5075,0.4567,10.81,1.0
R8008_M8013,30,2,slow,recover_slow_segment,slow_2,3.8125,13.592500000000001,2,fast,speaker_0,2.72,0.2781,16.9525,1.0
R8008_M8013,30,2,slow,align_slow_segment,slow_3,7.6925,7.8325000000000005,1,fast,speaker_0,0.14,1.0,0.28,1.0
R8008_M8013,30,2,slow,align_slow_segment,slow_4,9.6325,11.4725,1,fast,speaker_1,1.7275,0.9389,3.6425,1.0
R8008_M8013,30,2,slow,align_slow_segment,slow_5,9.9725,22.8325,3,fast,speaker_0,11.3125,0.8797,18.365,1.0
R8008_M8013,30,2,slow,align_slow_segment,slow_6,17.6925,19.3925,2,fast,speaker_0,1.7,1.0,3.3475,1.0
R8008_M8013,30,2,slow,align_slow_segment,slow_7,24.1125,24.9925,3,fast,speaker_0,0.48,0.5455,0.9525,1.0
R8008_M8013,30,2,slow,align_slow_segment,slow_8,24.6325,28.6725,1,fast,speaker_1,3.44,0.8515,5.21,1.0
R8008_M8013,30,2,slow,align_slow_segment,slow_9,27.8725,30.3925,3,fast,speaker_0,1.59,0.631,3.6475,1.0
R8008_M8013,30,3,fast,keep_fast_supported,fast_0,0.0,6.4,speaker_0,slow,1,6.08,0.95,6.05,0.9453
R8008_M8013,30,3,fast,keep_fast_supported,fast_1,7.76,20.0,speaker_0,slow,1,11.9925,0.9798,12.47,1.0
R8008_M8013,30,3,fast,keep_fast_supported,fast_2,7.2,7.92,speaker_1,slow,2,0.62,0.8611,1.27,1.0
R8008_M8013,30,3,fast,boundary_fix_or_relabel,fast_3,21.28,29.99,speaker_1,slow,2,7.5725,0.8694,7.93,0.9104
R8008_M8013,30,3,slow,align_slow_segment,slow_0,0.0125,6.0925,1,fast,speaker_0,6.08,1.0,6.0375,0.993
R8008_M8013,30,3,slow,align_slow_segment,slow_1,7.2125,7.8325000000000005,2,fast,speaker_1,0.62,1.0,1.095,1.0
R8008_M8013,30,3,slow,align_slow_segment,slow_2,7.7125,19.7525,1,fast,speaker_0,11.9925,0.9961,12.565,1.0
R8008_M8013,30,3,slow,align_slow_segment,slow_3,21.2725,28.8525,2,fast,speaker_1,7.5725,0.999,6.9625,0.9185
R8008_M8013,30,3,slow,align_slow_segment,slow_4,28.6725,30.2125,0,fast,speaker_1,1.3175,0.8555,1.14,0.7403
R8008_M8013,30,4,fast,boundary_fix_or_relabel,fast_0,0.0,9.92,speaker_0,slow,1,7.3075,0.7366,10.83,1.0
R8008_M8013,30,4,fast,boundary_fix_or_relabel,fast_1,10.88,22.16,speaker_0,slow,1,10.4525,0.9266,12.46,1.0
R8008_M8013,30,4,fast,keep_fast_supported,fast_2,22.32,25.84,speaker_0,slow,1,3.12,0.8864,3.23,0.9176
R8008_M8013,30,4,fast,boundary_fix_or_relabel,fast_3,10.24,10.32,speaker_2,slow,0,0.08,1.0,0.08,1.0
R8008_M8013,30,4,fast,boundary_fix_or_relabel,fast_4,10.4,10.72,speaker_2,slow,0,0.32,1.0,0.33,1.0
R8008_M8013,30,4,fast,boundary_fix_or_relabel,fast_5,27.12,29.99,speaker_2,slow,0,2.87,1.0,2.87,1.0
R8008_M8013,30,4,slow,align_slow_segment,slow_0,0.0125,2.2325,0,fast,speaker_0,2.22,1.0,2.0975,0.9448
R8008_M8013,30,4,slow,align_slow_segment,slow_1,2.6125,9.9525,1,fast,speaker_0,7.3075,0.9956,8.7525,1.0
R8008_M8013,30,4,slow,align_slow_segment,slow_2,8.1325,11.2925,0,fast,speaker_0,1.7875,0.5657,5.1725,1.0
R8008_M8013,30,4,slow,align_slow_segment,slow_3,10.6525,21.3325,1,fast,speaker_0,10.4525,0.9787,12.3525,1.0
R8008_M8013,30,4,slow,align_slow_segment,slow_4,18.3125,18.572499999999998,0,fast,speaker_0,0.26,1.0,0.26,1.0
R8008_M8013,30,4,slow,align_slow_segment,slow_5,20.7925,21.7525,0,fast,speaker_0,0.96,1.0,1.48,1.0
R8008_M8013,30,4,slow,align_slow_segment,slow_6,22.4925,25.6125,1,fast,speaker_0,3.12,1.0,3.1125,0.9976
R8008_M8013,30,4,slow,align_slow_segment,slow_7,27.0125,30.3925,0,fast,speaker_2,2.87,0.8491,2.94,0.8698
R8008_M8013,30,5,fast,boundary_fix_or_relabel,fast_0,2.24,5.36,speaker_0,slow,0,3.12,1.0,3.47,1.0
R8008_M8013,30,5,fast,boundary_fix_or_relabel,fast_1,6.08,7.2,speaker_0,slow,0,1.12,1.0,1.12,1.0
R8008_M8013,30,5,fast,boundary_fix_or_relabel,fast_2,24.32,25.92,speaker_0,slow,0,1.6,1.0,1.6,1.0
R8008_M8013,30,5,fast,boundary_fix_or_relabel,fast_3,15.04,15.6,speaker_1,slow,2,0.56,1.0,1.12,1.0
R8008_M8013,30,5,fast,boundary_fix_or_relabel,fast_4,17.44,20.72,speaker_1,slow,1,3.28,1.0,3.28,1.0
R8008_M8013,30,5,fast,boundary_fix_or_relabel,fast_5,20.8,23.92,speaker_1,slow,1,3.0325,0.972,3.88,1.0
R8008_M8013,30,5,fast,boundary_fix_or_relabel,fast_6,26.88,29.2,speaker_1,slow,1,2.32,1.0,2.29,0.9871
R8008_M8013,30,5,fast,boundary_fix_or_relabel,fast_7,8.8,9.12,speaker_2,slow,2,0.32,1.0,0.43,1.0
R8008_M8013,30,5,fast,boundary_fix_or_relabel,fast_8,10.32,14.64,speaker_2,slow,2,4.32,1.0,4.32,1.0
R8008_M8013,30,5,fast,boundary_fix_or_relabel,fast_9,15.52,17.28,speaker_2,slow,2,1.6925,0.9616,3.35,1.0
R8008_M8013,30,5,slow,recover_slow_segment,slow_0,0.0125,0.41250000000000003,0,,,0.0,0.0,0.2975,0.7437
R8008_M8013,30,5,slow,align_slow_segment,slow_1,1.7325,7.4725,0,fast,speaker_0,3.12,0.5436,5.94,1.0
R8008_M8013,30,5,slow,align_slow_segment,slow_2,2.6925,3.0324999999999998,2,fast,speaker_0,0.34,1.0,0.6275,1.0
R8008_M8013,30,5,slow,align_slow_segment,slow_3,7.5925,17.2125,2,fast,speaker_2,4.32,0.4491,12.2725,1.0
R8008_M8013,30,5,slow,recover_slow_segment,slow_4,8.4725,10.072500000000002,0,fast,speaker_2,0.32,0.2,1.97,1.0
R8008_M8013,30,5,slow,align_slow_segment,slow_5,14.872499999999999,16.7725,1,fast,speaker_2,1.2525,0.6592,3.8,1.0
R8008_M8013,30,5,slow,align_slow_segment,slow_6,17.1725,23.8325,1,fast,speaker_1,3.28,0.4925,7.42,1.0
R8008_M8013,30,5,slow,align_slow_segment,slow_7,21.5325,21.6725,0,fast,speaker_1,0.14,1.0,0.14,1.0
R8008_M8013,30,5,slow,align_slow_segment,slow_8,21.6725,22.0325,2,fast,speaker_1,0.36,1.0,0.36,1.0
R8008_M8013,30,5,slow,align_slow_segment,slow_9,23.1925,23.7525,2,fast,speaker_1,0.56,1.0,1.03,1.0
R8008_M8013,30,5,slow,align_slow_segment,slow_10,23.7525,26.0325,0,fast,speaker_0,1.6,0.7018,2.1575,0.9463
R8008_M8013,30,5,slow,recover_slow_segment,slow_11,26.2125,26.6725,0,,,0.0,0.0,1.2325,1.0
R8008_M8013,30,5,slow,align_slow_segment,slow_12,26.2125,30.0725,1,fast,speaker_1,2.32,0.601,3.8475,0.9968
R8008_M8013,30,5,slow,recover_slow_segment,slow_13,26.3325,26.732499999999998,2,,,0.0,0.0,1.13,1.0
R8008_M8013,30,5,slow,recover_slow_segment,slow_14,26.732499999999998,26.8125,0,,,0.0,0.0,0.1375,1.0
R8008_M8013,30,6,fast,keep_fast_supported,fast_0,0.0,3.28,speaker_0,slow,1,2.96,0.9024,2.79,0.8506
R8008_M8013,30,6,fast,keep_fast_supported,fast_1,7.52,21.36,speaker_0,slow,1,13.4875,0.9745,17.2,1.0
R8008_M8013,30,6,fast,boundary_fix_or_relabel,fast_2,27.2,28.72,speaker_0,slow,0,1.52,1.0,1.99,1.0
R8008_M8013,30,6,fast,boundary_fix_or_relabel,fast_3,3.44,3.76,speaker_1,slow,0,0.32,1.0,0.21,0.6563
R8008_M8013,30,6,fast,boundary_fix_or_relabel,fast_4,4.72,7.68,speaker_1,slow,0,2.96,1.0,2.96,1.0
R8008_M8013,30,6,fast,boundary_fix_or_relabel,fast_5,20.72,20.88,speaker_1,slow,1,0.16,1.0,0.32,1.0
R8008_M8013,30,6,fast,boundary_fix_or_relabel,fast_6,21.04,27.68,speaker_1,slow,0,6.64,1.0,6.93,1.0
R8008_M8013,30,6,fast,boundary_fix_or_relabel,fast_7,28.64,29.99,speaker_1,slow,0,1.35,1.0,1.35,1.0
R8008_M8013,30,6,slow,align_slow_segment,slow_0,0.0125,2.9725,1,fast,speaker_0,2.96,1.0,2.7775,0.9383
R8008_M8013,30,6,slow,align_slow_segment,slow_1,3.2925000000000004,7.9325,0,fast,speaker_1,2.96,0.6379,3.68,0.7931
R8008_M8013,30,6,slow,align_slow_segment,slow_2,7.8725000000000005,21.4125,1,fast,speaker_0,13.4875,0.9961,16.8775,1.0
R8008_M8013,30,6,slow,align_slow_segment,slow_3,12.052500000000002,13.232500000000002,0,fast,speaker_0,1.18,1.0,2.36,1.0
R8008_M8013,30,6,slow,align_slow_segment,slow_4,12.732500000000002,13.052500000000002,2,fast,speaker_0,0.32,1.0,0.9175,1.0
R8008_M8013,30,6,slow,align_slow_segment,slow_5,18.572499999999998,30.3925,0,fast,speaker_1,6.64,0.5618,13.915,1.0
R8008_M8013,30,6,slow,align_slow_segment,slow_6,27.9125,28.7925,1,fast,speaker_0,0.8075,0.9176,1.3375,1.0
R8008_M8013,30,7,fast,boundary_fix_or_relabel,fast_0,0.0,14.64,speaker_0,slow,1,8.96,0.612,18.47,1.0
R8008_M8013,30,7,fast,keep_fast_supported,fast_1,15.6,29.99,speaker_0,slow,2,14.3375,0.9964,17.49,1.0
R8008_M8013,30,7,fast,boundary_fix_or_relabel,fast_2,14.56,15.68,speaker_1,slow,0,1.0725,0.9576,0.95,0.8482
R8008_M8013,30,7,slow,align_slow_segment,slow_0,0.0125,7.2325,2,fast,speaker_0,7.22,1.0,9.97,1.0
R8008_M8013,30,7,slow,align_slow_segment,slow_1,2.2525000000000004,2.7925000000000004,1,fast,speaker_0,0.54,1.0,1.0225,1.0
R8008_M8013,30,7,slow,align_slow_segment,slow_2,5.4325,14.392500000000002,1,fast,speaker_0,8.96,1.0,12.2025,1.0
R8008_M8013,30,7,slow,align_slow_segment,slow_3,9.412500000000001,9.752500000000001,2,fast,speaker_0,0.34,1.0,0.65,1.0
R8008_M8013,30,7,slow,align_slow_segment,slow_4,9.8125,10.1525,0,fast,speaker_0,0.34,1.0,0.68,1.0
R8008_M8013,30,7,slow,align_slow_segment,slow_5,13.8125,14.572500000000002,2,fast,speaker_0,0.76,1.0,1.39,1.0
R8008_M8013,30,7,slow,align_slow_segment,slow_6,13.8525,15.6325,0,fast,speaker_1,1.0725,0.6025,2.2275,1.0
R8008_M8013,30,7,slow,align_slow_segment,slow_7,14.572500000000002,14.9525,1,fast,speaker_1,0.38,1.0,0.38,1.0
R8008_M8013,30,7,slow,align_slow_segment,slow_8,15.6325,16.1725,1,fast,speaker_0,0.54,1.0,0.97,1.0
R8008_M8013,30,7,slow,align_slow_segment,slow_9,15.6525,30.0925,2,fast,speaker_0,14.3375,0.9929,17.4875,1.0
R8008_M8013,30,7,slow,align_slow_segment,slow_10,24.4125,24.5925,0,fast,speaker_0,0.18,1.0,0.36,1.0
R8008_M8013,30,7,slow,align_slow_segment,slow_11,28.232499999999998,28.2525,1,fast,speaker_0,0.02,1.0,0.02,1.0
R8008_M8013,30,7,slow,align_slow_segment,slow_12,28.2525,30.3925,0,fast,speaker_0,1.7375,0.8119,3.8175,1.0
R8008_M8013,30,7,slow,align_slow_segment,slow_13,28.9725,29.2125,1,fast,speaker_0,0.24,1.0,0.6975,1.0
R8009_M8018,30,0,fast,boundary_fix_or_relabel,fast_0,0.0,1.68,speaker_0,slow,2,1.6675,0.9926,1.68,1.0
R8009_M8018,30,0,fast,boundary_fix_or_relabel,fast_1,2.08,4.96,speaker_0,slow,2,2.88,1.0,2.79,0.9688
R8009_M8018,30,0,fast,boundary_fix_or_relabel,fast_2,5.84,6.4,speaker_0,slow,2,0.56,1.0,0.56,1.0
R8009_M8018,30,0,fast,boundary_fix_or_relabel,fast_3,6.48,9.52,speaker_0,slow,2,3.04,1.0,3.03,0.9967
R8009_M8018,30,0,fast,keep_fast_supported,fast_4,23.36,24.88,speaker_0,slow,2,1.52,1.0,2.72,1.0
R8009_M8018,30,0,fast,boundary_fix_or_relabel,fast_5,26.24,26.56,speaker_0,slow,1,0.32,1.0,0.57,1.0
R8009_M8018,30,0,fast,keep_fast_supported,fast_6,10.48,14.24,speaker_1,slow,1,3.76,1.0,5.09,1.0
R8009_M8018,30,0,fast,boundary_fix_or_relabel,fast_7,14.8,17.76,speaker_1,slow,1,2.96,1.0,2.96,1.0
R8009_M8018,30,0,fast,boundary_fix_or_relabel,fast_8,18.0,19.6,speaker_1,slow,1,1.6,1.0,1.6,1.0
R8009_M8018,30,0,fast,boundary_fix_or_relabel,fast_9,19.84,21.12,speaker_1,slow,1,1.28,1.0,1.28,1.0
R8009_M8018,30,0,fast,boundary_fix_or_relabel,fast_10,21.52,22.4,speaker_1,slow,1,0.88,1.0,0.75,0.8523
R8009_M8018,30,0,fast,boundary_fix_or_relabel,fast_11,23.76,26.08,speaker_1,slow,1,2.32,1.0,3.34,1.0
R8009_M8018,30,0,fast,boundary_fix_or_relabel,fast_12,26.56,29.04,speaker_1,slow,1,2.48,1.0,2.48,1.0
R8009_M8018,30,0,fast,boundary_fix_or_relabel,fast_13,29.44,29.99,speaker_1,slow,1,0.55,1.0,0.97,1.0
R8009_M8018,30,0,slow,align_slow_segment,slow_0,0.0125,4.9725,2,fast,speaker_0,2.88,0.5806,4.8575,0.9793
R8009_M8018,30,0,slow,align_slow_segment,slow_1,5.5925,9.572500000000002,2,fast,speaker_0,3.04,0.7638,3.89,0.9774
R8009_M8018,30,0,slow,align_slow_segment,slow_2,10.212500000000002,14.252500000000001,1,fast,speaker_1,3.76,0.9307,5.33,1.0
R8009_M8018,30,0,slow,align_slow_segment,slow_3,14.552500000000002,22.4925,1,fast,speaker_1,2.96,0.3728,7.65,0.9635
R8009_M8018,30,0,slow,align_slow_segment,slow_4,23.1925,24.9325,2,fast,speaker_0,1.52,0.8736,2.8525,1.0
R8009_M8018,30,0,slow,align_slow_segment,slow_5,23.5525,30.1325,1,fast,speaker_1,2.48,0.3769,8.5575,1.0
R8009_M8018,30,0,slow,recover_slow_segment,slow_6,26.0325,26.1725,2,fast,speaker_1,0.0475,0.3393,0.2225,1.0
R8009_M8018,30,0,slow,align_slow_segment,slow_7,29.2525,29.8325,2,fast,speaker_1,0.3925,0.6767,1.0625,1.0
R8009_M8018,30,1,fast,keep_fast_supported,fast_0,0.0,0.8,speaker_0,slow,2,0.7875,0.9844,0.73,0.9125
R8009_M8018,30,1,fast,keep_fast_supported,fast_1,1.68,5.44,speaker_0,slow,2,3.76,1.0,6.97,1.0
R8009_M8018,30,1,fast,boundary_fix_or_relabel,fast_2,6.16,8.08,speaker_0,slow,2,1.92,1.0,2.16,1.0
R8009_M8018,30,1,fast,boundary_fix_or_relabel,fast_3,8.48,8.8,speaker_0,slow,2,0.3125,0.9766,0.19,0.5937
R8009_M8018,30,1,fast,boundary_fix_or_relabel,fast_4,10.48,12.56,speaker_0,slow,2,2.08,1.0,2.59,1.0
R8009_M8018,30,1,fast,boundary_fix_or_relabel,fast_5,12.88,13.2,speaker_0,slow,2,0.32,1.0,0.32,1.0
R8009_M8018,30,1,fast,boundary_fix_or_relabel,fast_6,13.52,14.32,speaker_0,slow,2,0.8,1.0,1.6,1.0
R8009_M8018,30,1,fast,keep_fast_supported,fast_7,18.96,22.16,speaker_0,slow,2,3.1925,0.9977,3.37,1.0
R8009_M8018,30,1,fast,boundary_fix_or_relabel,fast_8,1.2,1.76,speaker_1,slow,1,0.56,1.0,0.76,1.0
R8009_M8018,30,1,fast,boundary_fix_or_relabel,fast_9,2.16,3.2,speaker_1,slow,1,1.04,1.0,2.08,1.0
R8009_M8018,30,1,fast,boundary_fix_or_relabel,fast_10,4.64,4.8,speaker_1,slow,2,0.16,1.0,0.32,1.0
R8009_M8018,30,1,fast,boundary_fix_or_relabel,fast_11,8.08,8.16,speaker_1,slow,2,0.08,1.0,0.08,1.0
R8009_M8018,30,1,fast,boundary_fix_or_relabel,fast_12,9.12,11.2,speaker_1,slow,1,1.7925,0.8618,2.78,1.0
R8009_M8018,30,1,fast,boundary_fix_or_relabel,fast_13,11.36,11.52,speaker_1,slow,2,0.16,1.0,0.16,1.0
R8009_M8018,30,1,fast,keep_fast_supported,fast_14,13.68,18.8,speaker_1,slow,1,5.12,1.0,5.84,1.0
R8009_M8018,30,1,fast,boundary_fix_or_relabel,fast_15,23.04,29.04,speaker_1,slow,1,6.0,1.0,6.3,1.0
R8009_M8018,30,1,fast,boundary_fix_or_relabel,fast_16,29.44,29.99,speaker_1,slow,1,0.55,1.0,0.55,1.0
R8009_M8018,30,1,slow,align_slow_segment,slow_0,0.0125,0.9325000000000001,2,fast,speaker_0,0.7875,0.856,0.7175,0.7799
R8009_M8018,30,1,slow,align_slow_segment,slow_1,0.9325000000000001,3.3525,1,fast,speaker_0,1.6725,0.6911,4.175,1.0
R8009_M8018,30,1,slow,align_slow_segment,slow_2,1.4525,5.5125,2,fast,speaker_0,3.76,0.9261,7.3175,1.0
R8009_M8018,30,1,slow,align_slow_segment,slow_3,5.9325,8.7925,2,fast,speaker_0,1.92,0.6713,2.87,1.0
R8009_M8018,30,1,slow,align_slow_segment,slow_4,7.6925,8.212499999999999,1,fast,speaker_0,0.3875,0.7452,0.76,1.0
R8009_M8018,30,1,slow,align_slow_segment,slow_5,8.8125,10.912500000000001,1,fast,speaker_1,1.7925,0.8536,2.615,1.0
R8009_M8018,30,1,slow,align_slow_segment,slow_6,10.212500000000002,14.4525,2,fast,speaker_0,2.08,0.4906,5.83,1.0
R8009_M8018,30,1,slow,align_slow_segment,slow_7,13.3525,18.8725,1,fast,speaker_1,5.12,0.9275,6.42,1.0
R8009_M8018,30,1,slow,align_slow_segment,slow_8,18.6725,22.1525,2,fast,speaker_0,3.1925,0.9174,3.6675,1.0
R8009_M8018,30,1,slow,align_slow_segment,slow_9,20.7925,20.9125,1,fast,speaker_0,0.12,1.0,0.2375,1.0
R8009_M8018,30,1,slow,align_slow_segment,slow_10,22.7125,30.0725,1,fast,speaker_1,6.0,0.8152,7.48,1.0
R8009_M8018,30,1,slow,align_slow_segment,slow_11,23.1925,23.5525,2,fast,speaker_1,0.36,1.0,0.66,1.0
R8009_M8018,30,2,fast,keep_fast_supported,fast_0,0.0,1.04,speaker_0,slow,1,0.62,0.5962,0.64,0.6154
R8009_M8018,30,2,fast,boundary_fix_or_relabel,fast_1,1.52,2.64,speaker_0,slow,1,0.8925,0.7969,0.91,0.8125
R8009_M8018,30,2,fast,boundary_fix_or_relabel,fast_2,3.6,5.76,speaker_0,slow,1,2.16,1.0,2.16,1.0
R8009_M8018,30,2,fast,boundary_fix_or_relabel,fast_3,6.0,7.76,speaker_0,slow,1,1.76,1.0,1.82,1.0
R8009_M8018,30,2,fast,boundary_fix_or_relabel,fast_4,7.84,8.96,speaker_0,slow,1,1.12,1.0,1.53,1.0
R8009_M8018,30,2,fast,boundary_fix_or_relabel,fast_5,9.28,12.32,speaker_0,slow,1,3.04,1.0,3.43,1.0
R8009_M8018,30,2,fast,boundary_fix_or_relabel,fast_6,12.64,13.28,speaker_0,slow,1,0.5725,0.8945,0.64,1.0
R8009_M8018,30,2,fast,boundary_fix_or_relabel,fast_7,13.68,13.76,speaker_0,slow,2,0.08,1.0,0.16,1.0
R8009_M8018,30,2,fast,boundary_fix_or_relabel,fast_8,14.16,15.2,speaker_0,slow,1,1.04,1.0,0.84,0.8077
R8009_M8018,30,2,fast,boundary_fix_or_relabel,fast_9,15.44,18.32,speaker_0,slow,1,2.6125,0.9071,2.71,0.941
R8009_M8018,30,2,fast,boundary_fix_or_relabel,fast_10,23.76,24.48,speaker_0,slow,2,0.72,1.0,1.44,1.0
R8009_M8018,30,2,fast,boundary_fix_or_relabel,fast_11,25.04,26.16,speaker_0,slow,1,0.7325,0.654,1.36,1.0
R8009_M8018,30,2,fast,keep_fast_supported,fast_12,27.92,29.99,speaker_0,slow,1,2.07,1.0,2.07,1.0
R8009_M8018,30,2,fast,boundary_fix_or_relabel,fast_13,7.84,8.16,speaker_1,slow,1,0.32,1.0,0.5,1.0
R8009_M8018,30,2,fast,boundary_fix_or_relabel,fast_14,8.88,9.84,speaker_1,slow,1,0.96,1.0,1.75,1.0
R8009_M8018,30,2,fast,boundary_fix_or_relabel,fast_15,13.52,14.08,speaker_1,slow,2,0.3525,0.6295,0.72,1.0
R8009_M8018,30,2,fast,boundary_fix_or_relabel,fast_16,18.64,23.68,speaker_1,slow,2,5.04,1.0,5.19,1.0
R8009_M8018,30,2,fast,keep_fast_supported,fast_17,23.76,25.76,speaker_1,slow,1,2.0,1.0,3.82,1.0
R8009_M8018,30,2,slow,align_slow_segment,slow_0,0.0125,0.6325000000000001,1,fast,speaker_0,0.62,1.0,0.62,1.0
R8009_M8018,30,2,slow,align_slow_segment,slow_1,1.0925,2.4124999999999996,1,fast,speaker_0,0.8925,0.6761,1.0225,0.7746
R8009_M8018,30,2,slow,recover_slow_segment,slow_2,3.2125000000000004,13.212500000000002,1,fast,speaker_0,3.04,0.304,11.0325,1.0
R8009_M8018,30,2,slow,align_slow_segment,slow_3,8.2725,9.6125,2,fast,speaker_1,0.7325,0.5466,2.2225,1.0
R8009_M8018,30,2,slow,align_slow_segment,slow_4,13.032499999999999,13.872499999999999,2,fast,speaker_1,0.3525,0.4196,1.24,1.0
R8009_M8018,30,2,slow,align_slow_segment,slow_5,13.8325,13.8525,1,fast,speaker_1,0.02,1.0,0.02,1.0
R8009_M8018,30,2,slow,align_slow_segment,slow_6,13.872499999999999,18.0525,1,fast,speaker_0,2.6125,0.625,3.78,0.9043
R8009_M8018,30,2,slow,align_slow_segment,slow_7,18.0525,25.5925,2,fast,speaker_1,5.04,0.6684,9.27,1.0
R8009_M8018,30,2,slow,align_slow_segment,slow_8,23.3125,25.7725,1,fast,speaker_1,2.0,0.813,4.51,1.0
R8009_M8018,30,2,slow,align_slow_segment,slow_9,27.5925,30.0925,1,fast,speaker_0,2.07,0.828,2.19,0.876
R8009_M8019,30,0,fast,keep_fast_supported,fast_0,0.48,2.72,speaker_0,slow,2,2.0925,0.9342,2.09,0.933
R8009_M8019,30,0,fast,keep_fast_supported,fast_1,3.6,7.44,speaker_0,slow,2,3.6125,0.9408,3.68,0.9583
R8009_M8019,30,0,fast,keep_fast_supported,fast_2,7.6,14.24,speaker_0,slow,2,6.4,0.9639,6.5,0.9789
R8009_M8019,30,0,fast,boundary_fix_or_relabel,fast_3,16.4,22.72,speaker_0,slow,2,4.5725,0.7235,5.96,0.943
R8009_M8019,30,0,fast,keep_fast_supported,fast_4,23.28,25.6,speaker_0,slow,2,2.1725,0.9364,2.18,0.9397
R8009_M8019,30,0,fast,boundary_fix_or_relabel,fast_5,26.48,29.99,speaker_0,slow,2,3.0525,0.8697,5.12,1.0
R8009_M8019,30,0,fast,keep_fast_supported,fast_6,14.24,16.48,speaker_1,slow,1,2.24,1.0,2.46,1.0
R8009_M8019,30,0,fast,boundary_fix_or_relabel,fast_7,28.56,29.04,speaker_1,slow,2,0.48,1.0,0.96,1.0
R8009_M8019,30,0,slow,align_slow_segment,slow_0,0.3725,2.5725,2,fast,speaker_0,2.0925,0.9511,2.1975,0.9989
R8009_M8019,30,0,slow,align_slow_segment,slow_1,3.5125,7.2125,2,fast,speaker_0,3.6125,0.9764,3.6425,0.9845
R8009_M8019,30,0,slow,align_slow_segment,slow_2,7.6925,14.092500000000001,2,fast,speaker_0,6.4,1.0,6.3525,0.9926
R8009_M8019,30,0,slow,align_slow_segment,slow_3,14.032499999999999,16.5125,1,fast,speaker_1,2.24,0.9032,2.7325,1.0
R8009_M8019,30,0,slow,align_slow_segment,slow_4,16.232499999999998,20.9725,2,fast,speaker_0,4.5725,0.9647,5.0175,1.0
R8009_M8019,30,0,slow,align_slow_segment,slow_5,21.2925,22.572499999999998,2,fast,speaker_0,1.28,1.0,1.25,0.9766
R8009_M8019,30,0,slow,align_slow_segment,slow_6,23.2725,25.4525,2,fast,speaker_0,2.1725,0.9966,2.1725,0.9966
R8009_M8019,30,0,slow,align_slow_segment,slow_7,26.3525,29.5325,2,fast,speaker_0,3.0525,0.9599,4.3325,1.0
R8009_M8019,30,0,slow,align_slow_segment,slow_8,28.3725,29.9725,1,fast,speaker_0,1.6,1.0,3.1925,1.0
R8009_M8019,30,1,fast,keep_fast_supported,fast_0,0.0,1.76,speaker_0,slow,2,1.58,0.8977,1.58,0.8977
R8009_M8019,30,1,fast,keep_fast_supported,fast_1,2.48,3.76,speaker_0,slow,2,1.0125,0.791,1.08,0.8438
R8009_M8019,30,1,fast,keep_fast_supported,fast_2,4.16,8.08,speaker_0,slow,2,3.7525,0.9573,3.87,0.9872
R8009_M8019,30,1,fast,keep_fast_supported,fast_3,8.96,9.76,speaker_0,slow,2,0.5725,0.7156,0.51,0.6375
R8009_M8019,30,1,fast,keep_fast_supported,fast_4,10.96,14.08,speaker_0,slow,2,3.0125,0.9655,3.07,0.984
R8009_M8019,30,1,fast,keep_fast_supported,fast_5,15.12,16.16,speaker_0,slow,2,0.9725,0.9351,1.37,1.0
R8009_M8019,30,1,fast,boundary_fix_or_relabel,fast_6,15.92,28.96,speaker_1,slow,1,12.7725,0.9795,12.85,0.9854
R8009_M8019,30,1,fast,keep_fast_supported,fast_7,29.6,29.99,speaker_1,slow,1,0.39,1.0,0.39,1.0
R8009_M8019,30,1,slow,align_slow_segment,slow_0,0.0125,1.5925,2,fast,speaker_0,1.58,1.0,1.5675,0.9921
R8009_M8019,30,1,slow,align_slow_segment,slow_1,2.3125,3.4924999999999997,2,fast,speaker_0,1.0125,0.8581,1.18,1.0
R8009_M8019,30,1,slow,align_slow_segment,slow_2,4.1125,7.9125000000000005,2,fast,speaker_0,3.7525,0.9875,3.8,1.0
R8009_M8019,30,1,slow,align_slow_segment,slow_3,8.712500000000002,9.532499999999999,2,fast,speaker_0,0.5725,0.6982,0.71,0.8659
R8009_M8019,30,1,slow,align_slow_segment,slow_4,10.7925,13.9725,2,fast,speaker_0,3.0125,0.9473,3.1725,0.9976
R8009_M8019,30,1,slow,align_slow_segment,slow_5,14.932500000000001,16.0925,2,fast,speaker_0,0.9725,0.8384,1.49,1.0
R8009_M8019,30,1,slow,align_slow_segment,slow_6,15.6325,28.6925,1,fast,speaker_1,12.7725,0.978,13.39,1.0
R8009_M8019,30,1,slow,align_slow_segment,slow_7,29.4125,30.0925,1,fast,speaker_1,0.39,0.5735,0.54,0.7941
R8009_M8020,30,0,fast,keep_fast_supported,fast_0,0.0,0.32,speaker_0,slow,2,0.3,0.9375,0.29,0.9062
R8009_M8020,30,0,fast,boundary_fix_or_relabel,fast_1,1.68,2.16,speaker_0,slow,2,0.48,1.0,0.96,1.0
R8009_M8020,30,0,fast,boundary_fix_or_relabel,fast_2,2.32,3.04,speaker_0,slow,2,0.6525,0.9063,1.12,1.0
R8009_M8020,30,0,fast,keep_fast_supported,fast_3,3.6,5.2,speaker_0,slow,2,1.6,1.0,1.6,1.0
R8009_M8020,30,0,fast,boundary_fix_or_relabel,fast_4,17.52,17.76,speaker_0,slow,1,0.24,1.0,0.24,1.0
R8009_M8020,30,0,fast,keep_fast_supported,fast_5,18.0,18.4,speaker_0,slow,2,0.4,1.0,0.4,1.0
R8009_M8020,30,0,fast,boundary_fix_or_relabel,fast_6,20.56,20.88,speaker_0,slow,2,0.32,1.0,0.24,0.75
R8009_M8020,30,0,fast,boundary_fix_or_relabel,fast_7,21.12,22.08,speaker_0,slow,2,0.5725,0.5964,0.69,0.7187
R8009_M8020,30,0,fast,boundary_fix_or_relabel,fast_8,22.32,23.76,speaker_0,slow,2,1.44,1.0,1.44,1.0
R8009_M8020,30,0,fast,boundary_fix_or_relabel,fast_9,24.16,25.92,speaker_0,slow,2,1.76,1.0,1.76,1.0
R8009_M8020,30,0,fast,boundary_fix_or_relabel,fast_10,26.0,26.64,speaker_0,slow,2,0.64,1.0,0.64,1.0
R8009_M8020,30,0,fast,boundary_fix_or_relabel,fast_11,26.88,27.28,speaker_0,slow,2,0.4,1.0,0.4,1.0
R8009_M8020,30,0,fast,boundary_fix_or_relabel,fast_12,27.6,28.64,speaker_0,slow,2,1.0125,0.9736,1.04,1.0
R8009_M8020,30,0,fast,keep_fast_supported,fast_13,29.68,29.99,speaker_0,slow,1,0.31,1.0,0.54,1.0
R8009_M8020,30,0,fast,boundary_fix_or_relabel,fast_14,6.0,7.44,speaker_1,slow,1,1.44,1.0,1.44,1.0
R8009_M8020,30,0,fast,boundary_fix_or_relabel,fast_15,7.92,9.68,speaker_1,slow,1,1.76,1.0,1.76,1.0
R8009_M8020,30,0,fast,boundary_fix_or_relabel,fast_16,9.84,10.32,speaker_1,slow,1,0.48,1.0,0.48,1.0
R8009_M8020,30,0,fast,boundary_fix_or_relabel,fast_17,10.56,11.76,speaker_1,slow,1,1.2,1.0,1.2,1.0
R8009_M8020,30,0,fast,boundary_fix_or_relabel,fast_18,12.16,15.44,speaker_1,slow,1,3.28,1.0,3.28,1.0
R8009_M8020,30,0,fast,boundary_fix_or_relabel,fast_19,15.92,17.52,speaker_1,slow,1,1.6,1.0,1.6,1.0
R8009_M8020,30,0,fast,keep_fast_supported,fast_20,18.88,20.32,speaker_1,slow,1,1.44,1.0,1.44,1.0
R8009_M8020,30,0,slow,align_slow_segment,slow_0,0.0125,0.3125,2,fast,speaker_0,0.3,1.0,0.2775,0.925
R8009_M8020,30,0,slow,align_slow_segment,slow_1,1.4324999999999999,2.9725,2,fast,speaker_0,0.6525,0.4237,2.5725,1.0
R8009_M8020,30,0,slow,align_slow_segment,slow_2,1.7525,2.7325,1,fast,speaker_0,0.4125,0.4209,1.9475,1.0
R8009_M8020,30,0,slow,align_slow_segment,slow_3,3.3724999999999996,5.2725,2,fast,speaker_0,1.6,0.8421,1.88,0.9895
R8009_M8020,30,0,slow,recover_slow_segment,slow_4,5.7125,17.8125,1,fast,speaker_1,3.28,0.2711,12.0525,0.9961
R8009_M8020,30,0,slow,align_slow_segment,slow_5,17.8125,18.4125,2,fast,speaker_0,0.4,0.6667,0.6075,1.0
R8009_M8020,30,0,slow,align_slow_segment,slow_6,18.6325,20.3525,1,fast,speaker_1,1.44,0.8372,1.6625,0.9666
R8009_M8020,30,0,slow,align_slow_segment,slow_7,20.3325,21.6925,2,fast,speaker_0,0.5725,0.421,1.11,0.8162
R8009_M8020,30,0,slow,recover_slow_segment,slow_8,22.1125,28.6125,2,fast,speaker_0,1.76,0.2708,6.3625,0.9788
R8009_M8020,30,0,slow,align_slow_segment,slow_9,29.3925,29.9925,1,fast,speaker_0,0.31,0.5167,0.795,1.0
R8009_M8020,30,0,slow,align_slow_segment,slow_10,29.7725,30.0725,2,fast,speaker_0,0.2175,0.725,0.455,1.0
R8009_M8020,30,1,fast,boundary_fix_or_relabel,fast_0,0.0,9.6,speaker_0,slow,1,6.68,0.6958,10.59,1.0
R8009_M8020,30,1,fast,keep_fast_supported,fast_1,10.16,11.44,speaker_0,slow,1,1.0525,0.8223,1.05,0.8203
R8009_M8020,30,1,fast,keep_fast_supported,fast_2,12.24,20.48,speaker_0,slow,1,8.0325,0.9748,8.89,1.0
R8009_M8020,30,1,fast,keep_fast_supported,fast_3,22.24,29.99,speaker_0,slow,1,7.4725,0.9642,9.33,1.0
R8009_M8020,30,1,fast,keep_fast_supported,fast_4,28.8,29.99,speaker_1,slow,0,1.19,1.0,2.11,1.0
R8009_M8020,30,1,slow,align_slow_segment,slow_0,0.0125,2.0324999999999998,1,fast,speaker_0,2.02,1.0,2.4925,1.0
R8009_M8020,30,1,slow,align_slow_segment,slow_1,1.5125,3.2125000000000004,0,fast,speaker_0,1.7,1.0,2.8925,1.0
R8009_M8020,30,1,slow,align_slow_segment,slow_2,2.5324999999999998,9.212500000000002,1,fast,speaker_0,6.68,1.0,7.51,1.0
R8009_M8020,30,1,slow,align_slow_segment,slow_3,10.052500000000002,11.212500000000002,1,fast,speaker_0,1.0525,0.9073,1.1575,0.9978
R8009_M8020,30,1,slow,align_slow_segment,slow_4,12.212500000000002,20.2725,1,fast,speaker_0,8.0325,0.9966,8.86,1.0
R8009_M8020,30,1,slow,align_slow_segment,slow_5,12.712500000000002,13.3525,0,fast,speaker_0,0.64,1.0,1.28,1.0
R8009_M8020,30,1,slow,recover_slow_segment,slow_6,20.572499999999998,22.1325,0,,,0.0,0.0,1.665,1.0
R8009_M8020,30,1,slow,align_slow_segment,slow_7,22.0325,29.7125,1,fast,speaker_0,7.4725,0.973,9.46,1.0
R8009_M8020,30,1,slow,align_slow_segment,slow_8,28.4325,30.0925,0,fast,speaker_0,1.5575,0.9383,2.7875,1.0
R8009_M8020,30,2,fast,boundary_fix_or_relabel,fast_0,0.0,11.76,speaker_0,slow,2,8.5,0.7228,12.12,1.0
R8009_M8020,30,2,fast,boundary_fix_or_relabel,fast_1,12.48,13.04,speaker_0,slow,1,0.56,1.0,1.02,1.0
R8009_M8020,30,2,fast,boundary_fix_or_relabel,fast_2,13.52,29.99,speaker_0,slow,2,9.5,0.5768,16.23,0.9854
R8009_M8020,30,2,fast,keep_fast_supported,fast_3,11.68,13.68,speaker_1,slow,1,1.7725,0.8863,2.56,1.0
R8009_M8020,30,2,slow,align_slow_segment,slow_0,0.0125,2.9124999999999996,2,fast,speaker_0,2.9,1.0,2.8575,0.9853
R8009_M8020,30,2,slow,align_slow_segment,slow_1,3.2325,11.732500000000002,2,fast,speaker_0,8.5,1.0,9.2,1.0
R8009_M8020,30,2,slow,align_slow_segment,slow_2,4.6725,5.0525,1,fast,speaker_0,0.38,1.0,0.76,1.0
R8009_M8020,30,2,slow,align_slow_segment,slow_3,11.532499999999999,13.4525,1,fast,speaker_1,1.7725,0.9232,2.645,1.0
R8009_M8020,30,2,slow,align_slow_segment,slow_4,12.372499999999999,12.8125,2,fast,speaker_1,0.44,1.0,0.88,1.0
R8009_M8020,30,2,slow,align_slow_segment,slow_5,13.432500000000001,16.2125,2,fast,speaker_0,2.6925,0.9685,2.72,0.9784
R8009_M8020,30,2,slow,align_slow_segment,slow_6,16.6525,20.1925,2,fast,speaker_0,3.54,1.0,3.4675,0.9795
R8009_M8020,30,2,slow,align_slow_segment,slow_7,20.4725,29.9725,2,fast,speaker_0,9.5,1.0,10.0,1.0
